WKT,id,title_no,status,type,land_district,issue_date,guarantee_status,estate_description,number_owners,spatial_extents_shared
"POLYGON ((397171.357791821 796893.450277442,397166.649222617 796887.44936121,397154.237593326 796880.220074818,397167.21865301 796866.124250635,397166.173567062 796832.900308698,397165.624840219 796815.448903595,397123.827830431 796775.347309425,397133.465753637 796761.420507869,397115.234551946 796773.663192207,397102.489718465 796787.085253244,397089.970662862 796818.695277862,397077.45674655 796837.229835179,397067.031118583 796851.813339601,397063.562283239 796862.745775148,397051.576373756 796866.222648244,397026.020782011 796854.848979419,396978.411486746 796896.976535299,396921.687359307 797030.215198102,396917.623756914 797034.169058451,396908.896062772 797042.67993796,396905.916076513 797045.595832525,397003.457127549 797150.134656574,396890.804637835 797228.212321853,396947.609644066 797312.9768081,396982.520334373 797355.51798369,396984.805683286 797358.308384879,397013.439640336 797332.152682262,397088.218488806 797356.521745952,397143.622180304 797374.574263213,397247.72180595 797295.767578683,397273.223464386 797329.450488919,397301.636089655 797294.78085295,397301.730401469 797292.646686905,397301.918248357 797290.516264955,397302.198212054 797288.396972036,397302.57169817 797286.292529161,397303.035907871 797284.206633566,397303.592247464 797282.141129346,397304.237908371 797280.103423118,397304.971499526 797278.095369046,397320.409820305 797237.286630934,397321.875536895 797233.403779205,397314.669946806 797218.304407681,397300.071473481 797196.525743134,397291.916862679 797173.666619085,397292.590412671 797167.947293979,397294.148947146 797154.718805769,397292.048945408 797152.60603436,397283.579171426 797144.0790405,397271.601524748 797132.015323288,397264.78961962 797102.500493463,397258.26901862 797074.244439101,397251.974237793 797046.96023576,397238.599552813 797034.912581834,397228.626997641 797047.440036541,397225.207509542 797042.8538082,397214.557037821 797028.578557492,397205.629590442 797016.610297897,397204.230273146 797014.734704765,397203.615021865 797013.908916561,397182.086881851 796985.056541473,397166.528934632 796959.712209642,397155.917957034 796941.403562051,397146.319726598 796924.846342105,397159.321271167 796919.289193956,397178.824243451 796910.948791588,397171.357791821 796893.450277442))",4987556,930087,LIVE,Freehold,Nelson,2021/09/10 10:48:17,Guarantee,"Fee Simple, 1/1, Lot 1 Deposited Plan 546389, 149,346 m2",1,F
"POLYGON ((391332.07019462 791906.925906103,391332.663830782 791903.905760988,391332.109448257 791900.924959882,391329.971646623 791895.806212806,391332.561942603 791889.945295528,391334.377756366 791886.693381787,391337.095426574 791882.787285188,391333.621478415 791879.897400774,391332.753346064 791879.172625318,391306.886158075 791910.144317372,391303.093641497 791914.687714468,391304.042589439 791915.488489203,391318.080504409 791927.209247522,391318.536182441 791927.58184623,391321.785735695 791930.330788606,391325.340236302 791926.529350099,391331.321434679 791919.539664892,391330.62265514 791918.326412836,391327.475447575 791912.806640612,391332.07019462 791906.925906103))",5026727,971478,LIVE,Freehold,Nelson,2021/09/10 08:37:18,Guarantee,"Fee Simple, 1/1, Lot 1 Deposited Plan 556389, 741 m2",2,F
"POLYGON ((391338.356061704 791915.792352669,391346.087204499 791922.165358182,391347.985184821 791923.70581289,391363.638434026 791904.962585662,391360.583919181 791902.411959914,391348.195861506 791892.068549446,391339.315226022 791884.648348004,391337.095426574 791882.787285188,391334.377756366 791886.693381787,391332.561942603 791889.945295528,391335.266136497 791897.330358546,391336.869364388 791907.409196955,391336.857160333 791909.458254291,391337.421587825 791913.379374402,391337.525869444 791913.658994479,391338.356061704 791915.792352669))",5026729,971480,LIVE,Freehold,Nelson,2021/09/10 08:37:18,Guarantee,"Fee Simple, 1/1, Lot 3 Deposited Plan 556389, 645 m2",2,F
"POLYGON ((391332.07019462 791906.925906103,391327.475447575 791912.806640612,391330.62265514 791918.326412836,391331.321434679 791919.539664892,391325.340236302 791926.529350099,391321.785735695 791930.330788606,391332.117067051 791938.929976737,391333.978776035 791940.477799506,391347.985184821 791923.70581289,391346.087204499 791922.165358182,391338.356061704 791915.792352669,391337.525869444 791913.658994479,391337.421587825 791913.379374402,391336.857160333 791909.458254291,391336.869364388 791907.409196955,391335.266136497 791897.330358546,391332.561942603 791889.945295528,391329.971646623 791895.806212806,391332.109448257 791900.924959882,391332.663830782 791903.905760988,391332.07019462 791906.925906103))",5026728,971479,LIVE,Freehold,Nelson,2021/09/10 08:37:18,Guarantee,"Fee Simple, 1/1, Lot 2 Deposited Plan 556389, 475 m2",2,F
"POLYGON ((384730.979242346 794296.250786745,384765.098995324 794321.053803743,384770.340207985 794317.577486057,384774.423067924 794314.868765503,384812.240409148 794289.763048603,384779.866258983 794235.632758617,384774.734011526 794224.434473276,384781.598934085 794220.467329943,384778.865526352 794215.125132202,384600.131945305 794317.827632996,384603.165592144 794323.007641115,384709.226745713 794262.072355992,384730.979242346 794296.250786745))",5044875,990529,LIVE,Freehold,Nelson,2021/09/06 11:55:15,Guarantee,"Fee Simple, 1/1, Lot 1 Deposited Plan 560740, 6,616 m2",1,F
"POLYGON ((384730.979242346 794296.250786745,384709.226745713 794262.072355992,384603.165592144 794323.007641115,384703.775026378 794494.746118661,384705.635352693 794497.9208196,384711.145426867 794507.326312814,384715.028768318 794513.953704371,384720.333097031 794523.007050237,384756.752445403 794502.413313715,384759.395657385 794500.904724064,384761.368241662 794499.803807843,385136.172148293 794288.713514743,385131.621361331 794265.82938613,385017.456195745 794241.148482856,384977.85874317 794217.982721997,384922.483927283 794153.511982479,384787.775847387 794232.541469005,384781.598934085 794220.467329943,384774.734011526 794224.434473276,384779.866258983 794235.632758617,384812.240409148 794289.763048603,384774.423067924 794314.868765503,384770.340207985 794317.577486057,384765.098995324 794321.053803743,384730.979242346 794296.250786745))",5044876,990530,LIVE,Freehold,Nelson,2021/09/06 11:55:15,Guarantee,"Fee Simple, 1/1, Lot 2 Deposited Plan 560740, 87,465 m2",1,F
"POLYGON ((393419.092939562 795404.893100241,393419.511214097 795405.321060499,393427.77632155 795413.785768635,393427.978501987 795413.980306701,393429.87885969 795415.927431941,393430.500702695 795416.562880427,393440.699508712 795407.085715766,393440.134839883 795406.503984007,393438.036481371 795404.360483814,393429.058918187 795395.165844504,393419.092939562 795404.893100241))",5054333,1000471,LIVE,Freehold,Nelson,2021/08/31 13:36:27,Guarantee,"Fee Simple, 1/1, Lot 3 Deposited Plan 562707, 229 m2",1,F
"POLYGON ((393440.699508712 795407.085715766,393446.603403907 795401.602817892,393450.899673092 795397.614079828,393450.389376763 795397.091637331,393448.293817957 795394.944433183,393447.895060398 795394.544257206,393439.434751439 795385.879487243,393439.015088569 795385.449683267,393429.058918187 795395.165844504,393438.036481371 795404.360483814,393440.134839883 795406.503984007,393440.699508712 795407.085715766))",5054334,1000472,LIVE,Freehold,Nelson,2021/08/31 13:36:27,Guarantee,"Fee Simple, 1/1, Lot 4 Deposited Plan 562707, 234 m2",1,F
"POLYGON ((393409.613008937 795414.150621133,393410.213626427 795413.564401896,393419.092939562 795404.893100241,393429.058918187 795395.165844504,393439.015088569 795385.449683267,393439.434751439 795385.879487243,393447.895060398 795394.544257206,393448.293817957 795394.944433183,393450.389376763 795397.091637331,393450.899673092 795397.614079828,393461.752078008 795387.535895111,393461.311512349 795387.070889772,393459.246676067 795384.894107766,393448.96018942 795374.050926306,393446.690414203 795371.655533959,393439.797382453 795378.381412604,393434.816517664 795383.239493006,393422.420181007 795395.337534506,393393.699638804 795423.365267313,393397.187259425 795426.270815651,393398.625939662 795424.86721225,393399.241920561 795424.266192462,393408.066774981 795415.659636271,393409.613008937 795414.150621133))",5054335,1000473,LIVE,Freehold,Nelson,2021/08/31 13:36:27,Guarantee,"Fee Simple, 1/1, Lot 5 Deposited Plan 562707, 589 m2",1,F
"POLYGON ((393409.613008937 795414.150621133,393417.996614791 795422.752429298,393420.093572718 795424.897788654,393420.771178147 795425.592527922,393429.015999149 795417.933130489,393430.500702695 795416.562880427,393429.87885969 795415.927431941,393427.978501987 795413.980306701,393427.77632155 795413.785768635,393419.511214097 795405.321060499,393419.092939562 795404.893100241,393410.213626427 795413.564401896,393409.613008937 795414.150621133))",5054332,1000470,LIVE,Freehold,Nelson,2021/08/31 13:36:27,Guarantee,"Fee Simple, 1/1, Lot 2 Deposited Plan 562707, 214 m2",1,F
"POLYGON ((393409.613008937 795414.150621133,393408.066774981 795415.659636271,393399.241920561 795424.266192462,393398.625939662 795424.86721225,393397.187259425 795426.270815651,393398.986151615 795427.768052162,393406.088287298 795433.686607871,393408.408719605 795435.619304415,393409.230077252 795436.304923838,393410.710606683 795434.929121053,393420.771178147 795425.592527922,393420.093572718 795424.897788654,393417.996614791 795422.752429298,393409.613008937 795414.150621133))",5054331,1000469,LIVE,Freehold,Nelson,2021/08/31 13:36:27,Guarantee,"Fee Simple, 1/1, Lot 1 Deposited Plan 562707, 261 m2",1,F
"POLYGON ((395680.270905408 799053.130277478,395614.964532224 798995.310682594,395605.476240784 799010.699649836,395602.904658547 799014.872076046,395584.173911371 799045.250300854,395583.057213397 799047.063589932,395590.415455313 799051.567815235,395604.323828948 799060.088937267,395606.541641264 799061.447045546,395622.265892871 799071.079823728,395624.831247214 799072.652857815,395632.846918819 799077.564656877,395635.045196548 799078.909795161,395649.662712392 799087.862532494,395654.959477505 799081.851830231,395680.270905408 799053.130277478))",5056503,1002713,LIVE,Freehold,Nelson,2021/08/19 12:55:43,Guarantee,"Fee Simple, 1/1, Lot 4 Deposited Plan 561085, 4,393 m2",1,F
"POLYGON ((395696.740698378 799067.714732962,395680.270905408 799053.130277478,395654.959477505 799081.851830231,395649.662712392 799087.862532494,395668.703359778 799099.531434162,395696.740698378 799067.714732962))",5056502,1002712,LIVE,Freehold,Nelson,2021/08/19 12:55:43,Guarantee,"Fee Simple, 1/1, Lot 3 Deposited Plan 561085, 976 m2",1,F
"POLYGON ((395574.644080148 799094.284643125,395582.19822224 799082.054195325,395569.155216223 799074.0,395567.453841999 799072.947605323,395559.889909142 799085.176188448,395574.644080148 799094.284643125))",5056501,1002711,LIVE,Freehold,Nelson,2021/08/19 12:55:43,Guarantee,"Fee Simple, 1/1, Lot 2 Deposited Plan 561085, 249 m2",1,F
"POLYGON ((395614.727302332 798995.101381358,395596.064148751 798978.571870429,395584.884695406 798996.769579971,395583.134932948 798999.55241145,395582.314496896 799000.942010949,395570.211219747 799020.53664164,395560.390145937 799036.495448389,395559.611692884 799037.727732983,395562.863703381 799039.725077538,395575.105505301 799047.286429636,395579.843954765 799050.212027843,395580.762336226 799050.782687138,395581.770011338 799049.148870886,395583.057213397 799047.063589932,395584.173911371 799045.250300854,395602.904658547 799014.872076046,395605.476240784 799010.699649836,395614.964532224 798995.310682594,395614.727302332 798995.101381358))",5056504,1002714,LIVE,Freehold,Nelson,2021/08/19 12:55:43,Guarantee,"Fee Simple, 1/1, Lot 5 Deposited Plan 561085, 1,672 m2",1,F
"POLYGON ((395574.644080148 799094.284643125,395581.294706468 799098.394185852,395608.877078542 799115.428887447,395641.96857101 799135.855952803,395643.072534197 799134.322150535,395664.480877473 799104.593228525,395665.530338888 799103.12416016,395668.703359778 799099.531434162,395649.662712392 799087.862532494,395635.045196548 799078.909795161,395632.846918819 799077.564656877,395624.831247214 799072.652857815,395622.265892871 799071.079823728,395606.541641264 799061.447045546,395604.323828948 799060.088937267,395590.415455313 799051.567815235,395583.057213397 799047.063589932,395581.770011338 799049.148870886,395580.762336226 799050.782687138,395579.843954765 799050.212027843,395575.105505301 799047.286429636,395562.863703381 799039.725077538,395559.611692884 799037.727732983,395556.010002326 799043.602421248,395552.413937833 799049.404933599,395563.116267315 799056.013951632,395572.635047775 799061.883688462,395573.815819294 799062.621097441,395567.453841999 799072.947605323,395569.155216223 799074.0,395582.19822224 799082.054195325,395574.644080148 799094.284643125))",5056500,1002710,LIVE,Freehold,Nelson,2021/08/19 12:55:43,Guarantee,"Fee Simple, 1/1, Lot 1 Deposited Plan 561085, 4,489 m2",1,F
"POLYGON ((396280.822858639 794960.128388964,396294.052390614 794975.304107531,396291.543245278 794983.741542041,396306.256356614 795001.383540609,396318.329028068 795003.083334911,396334.134674065 795021.158953237,396340.555500252 795015.040922808,396337.021706211 795007.686962303,396328.895970015 795002.083587595,396337.607528836 794986.084220532,396340.219358457 794978.703736706,396334.599837811 794975.972523179,396339.95694092 794964.989533774,396344.423575235 794957.097251031,396355.122207599 794946.585231844,396367.356385334 794937.699151985,396379.968492694 794929.216743419,396390.773027508 794918.812085977,396400.606826601 794907.366664518,396412.507542082 794898.124939471,396424.500268899 794888.999864365,396435.872344599 794879.174774939,396447.968218901 794870.17186654,396462.324216583 794862.077033625,396477.620602068 794851.337553241,396482.03170321 794848.157817355,396501.992498477 794838.349738369,396503.706161214 794843.994262202,396512.063782961 794849.00709181,396518.387575762 794846.738945025,396523.183050535 794827.637052857,396513.901775993 794822.397963012,396507.810717292 794816.638423792,396502.481420332 794811.190214575,396478.130648049 794786.524940936,396478.218378902 794781.145973634,396481.188155101 794777.59534232,396478.575998357 794774.573240419,396474.727056534 794778.230805996,396463.984333913 794788.456069346,396400.729146568 794849.169356872,396315.490113145 794929.861798052,396280.822858639 794960.128388964))",5046813,992544,LIVE,Freehold,Nelson,2021/08/19 12:37:49,Guarantee,"Fee Simple, 1/1, Lot 1 Deposited Plan 560391, 13,787 m2",1,F
"POLYGON ((396816.800641343 795005.987961157,396822.050532682 795002.419676712,397063.208484016 794837.021214318,397005.631537005 794756.066330105,396911.932097377 794782.725967547,396883.505327184 794790.811968716,396862.44029893 794799.937599246,396846.311290847 794801.587255685,396796.398933387 794784.576925049,396739.566606501 794765.192003211,396711.336425056 794727.128214441,396642.378476821 794659.927482314,396634.788156409 794652.536625103,396622.127897219 794640.206768315,396618.16989143 794641.648709242,396587.975019225 794671.31912099,396478.575998357 794774.573240419,396481.188155101 794777.59534232,396478.218378902 794781.145973634,396478.130648049 794786.524940936,396502.481420332 794811.190214575,396507.810717292 794816.638423792,396513.901775993 794822.397963012,396523.183050535 794827.637052857,396518.387575762 794846.738945025,396512.063782961 794849.00709181,396503.706161214 794843.994262202,396501.992498477 794838.349738369,396482.03170321 794848.157817355,396477.620602068 794851.337553241,396462.324216583 794862.077033625,396447.968218901 794870.17186654,396435.872344599 794879.174774939,396424.500268899 794888.999864365,396412.507542082 794898.124939471,396400.606826601 794907.366664518,396390.773027508 794918.812085977,396379.968492694 794929.216743419,396367.356385334 794937.699151985,396355.122207599 794946.585231844,396344.423575235 794957.097251031,396339.95694092 794964.989533774,396334.599837811 794975.972523179,396340.219358457 794978.703736706,396337.607528836 794986.084220532,396328.895970015 795002.083587595,396337.021706211 795007.686962303,396340.555500252 795015.040922808,396334.134674065 795021.158953237,396318.329028068 795003.083334911,396306.256356614 795001.383540609,396291.543245278 794983.741542041,396294.052390614 794975.304107531,396280.822858639 794960.128388964,396188.045903899 795040.352707445,396058.685703593 795153.950010653,396061.046472585 795157.270133045,396127.415143734 795250.611087125,396233.36301802 795154.844136998,396255.208491018 795134.997883322,396468.587718662 794946.578340592,396540.896607646 794877.476339286,396559.30071396 794898.773451599,396617.286095076 794903.489272516,396697.416930773 794945.740092832,396760.923476753 794990.485184358,396781.177047049 795034.860855865,396851.071516581 795077.46821735,396901.589282474 795126.223104295,396998.52578989 795158.750723365,397015.413602903 795176.786429064,397026.204432344 795188.311492855,397026.571283909 795188.705906257,397079.305257083 795238.485904718,397092.761363415 795275.29290772,397110.251432297 795264.523349057,397096.580594196 795227.11842242,397040.847427639 795174.505295666,397023.81309477 795156.312250239,397009.772260132 795141.31337427,397002.885080295 795139.004185224,396912.265259897 795108.598714308,396863.421416719 795061.454994461,396796.901753705 795020.905694803,396776.952041629 794977.187310409,396810.705798221 795001.58175495,396816.800641343 795005.987961157))",5046814,992545,LIVE,Freehold,Nelson,2021/08/19 12:37:49,Guarantee,"Fee Simple, 1/1, Lot 2 Deposited Plan 560391, 160,942 m2",1,F
"POLYGON ((389772.662417453 791202.152564087,389795.722469265 791221.355998203,389806.9620249 791207.913055414,389807.72203676 791207.007121007,389784.656414788 791187.805560316,389772.662417453 791202.152564087))",5053005,999090,LIVE,Freehold,Nelson,2021/08/16 09:49:26,Guarantee,"Fee Simple, 1/1, Lot 3 Deposited Plan 562860, 561 m2",1,F
"POLYGON ((389784.656414788 791187.805560316,389807.72203676 791207.007121007,389818.800964746 791193.702760372,389819.62259609 791192.613660505,389796.530527698 791173.38249111,389794.74055806 791175.74371884,389784.656414788 791187.805560316))",5053006,999091,LIVE,Freehold,Nelson,2021/08/16 09:49:26,Guarantee,"Fee Simple, 1/1, Lot 4 Deposited Plan 562860, 559 m2",1,F
"POLYGON ((389771.565286424 791250.268195127,389793.724197523 791268.683685204,389807.556473919 791280.20163594,389829.060740443 791298.114479188,389848.67461618 791314.460497689,389871.807661202 791333.732289376,389898.629888801 791356.074413839,389902.472211144 791359.267210672,389905.07463361 791361.421715534,389907.467182493 791356.029323715,389911.730732013 791359.21714836,389922.84089153 791306.369415915,389929.103725998 791264.88572753,389931.674492728 791257.67033063,389932.066551589 791256.569516084,389936.360903361 791244.553120755,389935.804789089 791185.939911166,389926.300766499 791178.130242393,389894.052392512 791151.665847498,389883.222191655 791142.771429819,389869.993065234 791131.906012863,389868.478765107 791130.641512781,389858.776199711 791142.250494821,389856.397005195 791145.099582775,389844.502175571 791159.494966909,389833.282981573 791174.43176743,389830.876765899 791177.636204293,389819.62259609 791192.613660505,389818.800964746 791193.702760372,389807.72203676 791207.007121007,389806.9620249 791207.913055414,389795.722469265 791221.355998203,389795.272603908 791221.894011462,389785.642448799 791233.417857285,389783.720046838 791235.719666905,389783.41268546 791236.085735489,389773.59248168 791247.838816283,389771.565286424 791250.268195127))",5053012,999097,LIVE,Freehold,Nelson,2021/08/16 09:49:26,Guarantee,"Fee Simple, 1/1, Lot 10 Deposited Plan 562860, 21,267 m2",1,F
"POLYGON ((389770.937032493 791249.715702979,389771.565286424 791250.268195127,389773.59248168 791247.838816283,389783.41268546 791236.085735489,389783.720046838 791235.719666905,389760.659975109 791216.514329274,389750.497474982 791228.675978323,389748.519160949 791231.055442398,389770.937032493 791249.715702979))",5053003,999088,LIVE,Freehold,Nelson,2021/08/16 09:49:26,Guarantee,"Fee Simple, 1/1, Lot 1 Deposited Plan 562860, 569 m2",1,F
"POLYGON ((389821.415721196 791140.269425376,389844.502175571 791159.494966909,389856.397005195 791145.099582775,389833.346781186 791125.90560405,389822.1982652 791139.198784192,389821.415721196 791140.269425376))",5053009,999094,LIVE,Freehold,Nelson,2021/08/16 09:49:26,Guarantee,"Fee Simple, 1/1, Lot 7 Deposited Plan 562860, 561 m2",1,F
"POLYGON ((389833.346781186 791125.90560405,389856.397005195 791145.099582775,389858.776199711 791142.250494821,389868.478765107 791130.641512781,389850.486582014 791115.87857468,389845.284705829 791111.589895279,389835.27193345 791123.603784884,389833.346781186 791125.90560405))",5053010,999095,LIVE,Freehold,Nelson,2021/08/16 09:49:26,Guarantee,"Fee Simple, 1/1, Lot 8 Deposited Plan 562860, 562 m2",1,F